{"footer-one":{"digital_about-1":{"title":"","about":"Lorem ipsum dolor sit amet, sectetur adipisicing elit, sed do eiusmod tempor incididunt ut labore!","image_uri":"https:\/\/teconce.com\/mayosis-maindemo\/wp-content\/uploads\/sites\/4\/2018\/06\/mayosis-logo-1.png"},"custom_html-1":{"title":"","content":"<div style=\"height:10px\">\r\n\t\r\n<\/div>"},"mayosiscounter_widget-1":{"title":"","product_count":null,"product_label":"Label For Product Count","download_count":null,"download_label":"Label For Download Count","custom_count":"1","custom_count_text":"1833562","custom_label":"Total Downloads & Counting"}},"footer-two":{"nav_menu-1":{"title":"Company","nav_menu":239}},"footer-three":{"edd_categories_tags_widget-1":{"title":"Products","taxonomy":"download_category","count":"on","hide_empty":""}},"footer-four":{"nav_menu-2":{"title":"Others","nav_menu":241}},"footer-five":{"dm_subscribe_widget-1":{"title":"Subscribe","text":"[contact-form-7 id=\"82\" title=\"Mayosis  Sidebar Subscribe Form 1\"]"},"mayosis_payment_icons-2":{"title":"","show_paypal":"on","show_stripe":"on","show_visa":"on","show_mastercard":"on","show_discover":"on"}},"additional-footer-one":{"text-2":{"title":"","text":"\u00a9 Copyright 2019 <a href=\"https:\/\/teconce.com\/item\/mayosis-digital-marketplace-wordpress-theme\/\"> Mayosis<\/a>\u00a0I All Rights Reserved ","filter":true,"visual":true}},"additional-footer-three":{"mayosis_social_widget-2":{"title":"","facebook":"#","twitter":"#","google":"#","pinterest":"#","instagram":"#","behance":"#","youtube":"#","target":"self","align":"left","without_bg":"on"}},"sidebar-1":{"search-2":{"title":""},"recent-posts-2":{"title":"","number":5},"recent-comments-2":{"title":"","number":5},"archives-2":{"title":"","count":0,"dropdown":0},"categories-2":{"title":"","count":0,"hierarchical":0,"dropdown":0},"meta-2":{"title":""},"digital_search-1":{"title":""},"digital_recent_products_widget-1":{"title":"Latest Product","number":3},"digital_post_cat-1":{"title":"Blog Categories","count":1,"hierarchical":0,"dropdown":0},"dm_subscribe_widget-2":{"title":"Subscribe","text":"<p>Most of the time, we share our discount coupons to our Newsletter Subscribers only. And get products updates also!<\/p>\r\n[contact-form-7 id=\"82\" title=\"Marketix Sidebar Subscribe Form 1\"]\r\nYou Can Unsubscribe Anytime"},"recent_post-1":{"title":"Recent Blog Post","posts_number":"5"}},"single-post":{"digital_search-2":{"title":""},"digital_recent_products_widget-2":{"title":"Latest Product","number":3},"digital_post_cat-2":{"title":"","count":1,"hierarchical":0,"dropdown":0},"dm_subscribe_widget-3":{"title":"Subscribe","text":"<p>Most of the time, we share our discount coupons to our Newsletter Subscribers only. And get products updates also!<\/p>\r\n[contact-form-7 id=\"82\" title=\"Marketix Sidebar Subscribe Form 1\"]\r\n<span class=\"subscribe-notice\">You Can Unsubscribe Anytime<\/span>"},"dm_post_tag_widget-1":{"title":"Tags"},"recent_post-2":{"title":"Recent Blog Post","posts_number":"5"}},"single-product":{"digital_download_details_widget-1":{"freetext":"Free","title":"Download Details","download_id":"current","purchase_button":"on","social_icon":null,"purchase_button_free":""},"product_release_info-1":{"title":"Release Information"},"dm_subscribe_widget-4":{"title":"Subscribe","text":"<p>Most of the time, we share our discount coupons to our Newsletter Subscribers only. And get products updates also!<\/p>\r\n[contact-form-7 id=\"82\" title=\"Marketix Sidebar Subscribe Form\"]\r\n<span class=\"subscribe-notice\">You Can Unsubscribe Anytime<\/span>"},"dm_product_tag_widget-1":{"title":"Product Tags"},"recent_post-3":{"title":"Recent Blog Posts","posts_number":"5"}}}